Number,Frequency
1,0.25
2,0.09375
3,0.03125
4,0.125
5,0.03125
6,0.09375
7,0.25
8,0.0625
9,0.0625
